grid_id,longitude,latitude,priority_score,priority_class,lst_mean_c,population_estimate,new_built_fraction,ndvi_mean_2025
R05C10,46.84226931007317,24.614390687710607,78.65671634674072,High,50.7926025390625,3818.000244140625,0.0710958093404769,0.0227003991603851
R02C10,46.84266644996388,24.64147123994535,78.20895612239838,High,51.5894889831543,3457.641357421875,0.0578603707253932,0.0177539177238941
R03C10,46.842534005485405,24.63244440070093,74.62686628103256,High,51.07908630371094,3414.15234375,0.0697255060076713,0.0303896125406026
R02C09,46.83279018297706,24.641591998984165,72.6865667104721,High,51.15697860717773,3417.513671875,0.0639575645327568,0.0453725419938564
R10C07,46.81199669152387,24.569615343460512,68.05970251560211,High,49.17984771728516,4240.52587890625,0.1535527855157852,0.0190443694591522
R11C01,46.75264540143835,24.56128880583369,68.05970147252083,High,51.1467399597168,1837.1917724609373,0.101216159760952,0.0340914726257324
R04C03,46.773276343607975,24.624248561353404,66.26865446567535,High,50.11517333984375,3889.609130859375,0.0281278360635042,0.02961016446352
R03C02,46.76352776318171,24.63339192951432,66.11940279603004,High,50.268211364746094,5017.49072265625,0.0024981785099953,0.0285328216850757
R04C10,46.842401625528616,24.62341754995491,64.62686538696289,High,50.40040588378906,3472.77294921875,0.0209260005503892,0.0361504852771759
R05C04,46.7830235070091,24.61510463046827,64.47761178016663,High,50.41987991333008,3278.5654296875,0.070029430091381,0.0521465651690959
R08C06,46.80238429240467,24.587787988746157,64.02985155582428,High,50.368534088134766,3958.959228515625,0.0027286508120596,0.0200230199843645
R05C09,46.83239516875283,24.61451129675229,63.58209073543549,High,49.988548278808594,3951.0107421875,0.019054340198636,0.0326868556439876
R02C07,46.81303745675826,24.64183157239804,63.283583074808114,High,50.73643112182617,4033.822509765625,0.0054000001400709,0.0587730519473552
R02C08,46.82291385179344,24.64171210980725,62.5373151898384,High,50.80940628051758,3324.273193359375,0.0114308632910251,0.0431218259036541
R08C05,46.79251201941248,24.587905861329396,62.53731310367583,Medium,48.51620864868164,5217.84228515625,0.122189737856388,0.0385617986321449
R07C09,46.83213214665076,24.596457437818746,61.79104506969452,Medium,50.19610595703125,3975.291015625,0.0081513533368706,0.043714091181755
R05C03,46.77314898604666,24.61522135479829,60.298508778214455,Medium,50.15965270996094,3855.798583984375,0.0478609912097454,0.0690418928861618
R04C09,46.832526775997856,24.623538208988663,60.298506617546074,Medium,50.32780075073242,2356.113037109375,0.1026939451694488,0.0492695607244968
R06C10,46.842137059098704,24.605363813971294,60.14925360679626,Medium,50.228816986083984,3076.13623046875,0.0608999989926815,0.0435896068811416
R04C02,46.76340105222948,24.62436468628867,59.55223858356475,Medium,49.18217468261719,6617.46875,0.0167140047997236,0.046537134796381
R06C08,46.82239012807321,24.605604284941847,58.80597054958343,Medium,49.22135543823242,3508.65625,0.06501454859972,0.0193557795137166
R07C10,46.842004872584894,24.596336928740293,58.35820853710175,Medium,50.11321258544922,3559.56640625,0.014820042066276,0.0409048087894916
R09C07,46.81212656525645,24.578642412214432,57.76119530200958,Medium,49.585750579833984,3876.811767578125,0.0189625769853591,0.037348672747612
R03C08,46.82278282513642,24.632685170819126,57.6119402050972,Medium,52.197998046875,1481.198486328125,0.0531478337943553,0.0688883811235427
R06C09,46.83226362564388,24.605484373027885,57.611939907073975,Medium,50.76357650756836,3400.52880859375,0.0036064917221665,0.0454667694866657
R16C03,46.771752144946,24.515921327909407,57.31343416497112,Medium,51.51160430908203,964.009765625,0.0948853939771652,0.0780892744660377
R09C08,46.821998004949215,24.57852329576428,56.567164659500115,Medium,49.21319961547852,4221.9248046875,0.0213576648384332,0.0491241514682769
R09C05,46.79238349611676,24.578878705984927,55.97014814615249,Medium,47.15639877319336,6649.57275390625,0.2124000042676925,0.0539332814514637
R10C09,46.83173809416444,24.569376563315828,55.522387623786926,Medium,50.043941497802734,3995.025634765625,0.0066458564251661,0.0550333149731159
R09C06,46.80225506219746,24.578760882293423,55.37313401699067,Medium,47.55210494995117,4516.93798828125,0.2792865037918091,0.0476835519075393
R03C09,46.83265844739919,24.63256510973372,54.328357577323914,Medium,50.649410247802734,1634.2532958984375,0.0463250763714313,0.0493420399725437
R06C06,46.80264294196365,24.605842167275803,54.179103672504425,Medium,50.62470626831055,2213.27392578125,0.0126379141584038,0.0414244271814823
R08C07,46.81225650235528,24.58766946950728,53.283582925796516,Medium,49.62555313110352,3514.725341796875,0.0333099924027919,0.0561894699931144
R02C05,46.793284476514366,24.6420685528168,52.686567902564995,Medium,49.37806701660156,4786.18603515625,0.0064186379313468,0.0549158379435539
R13C04,46.78200122503077,24.542886953026667,52.23880559206009,Watch,48.51849365234375,3083.033447265625,0.1597312688827514,0.0152410147711634
R13C03,46.77213235829917,24.54300329053992,51.34328484535218,Watch,49.01959609985352,3943.7783203125,0.0167704354971647,0.0334114991128444
R08C09,46.83200073175328,24.58743049112816,50.597015023231506,Watch,50.08378601074219,1921.67626953125,0.0399000011384487,0.0417017489671707
R13C05,46.7918700295082,24.54276997016571,50.29850661754608,Watch,47.5959587097168,3884.807861328125,0.0762000009417533,0.0370090417563915
R10C02,46.76264208239009,24.570200986734218,48.95522415637969,Watch,46.34884643554688,7383.54736328125,0.055850263684988,0.051096174865961
R11C06,46.801996790828326,24.56070663502861,48.35820838809013,Watch,46.40618515014648,6574.80712890625,0.0680999979376792,0.0546069331467151
R11C10,46.84147677073007,24.56022927296523,47.9104483127594,Watch,49.586692810058594,2739.214111328125,0.0406463257968425,0.0513998754322528
R11C07,46.81186688113756,24.560588263248835,47.76119321584702,Watch,47.706844329833984,3561.671142578125,0.2397000044584274,0.0522718243300914
R11C02,46.76251580321437,24.561173663472218,47.61194124817848,Watch,47.203983306884766,7633.8798828125,0.0351000018417835,0.0640690475702285
R12C05,46.79199830221362,24.55179717128016,47.61193931102753,Watch,48.025875091552734,5435.3759765625,0.0090189399197697,0.0397166572511196
R16C04,46.78161889702222,24.51580513534157,47.16417798772454,Watch,51.24531173706055,2146.1533203125,0.0012010809732601,0.1606753319501876
R09C09,46.83186938093123,24.578403532959417,46.567164063453674,Watch,49.06589889526367,6036.02783203125,0.0012032487429678,0.0563459172844886
R12C02,46.76238958564331,24.55214632878953,46.41790986061096,Watch,48.02594757080078,4526.72412109375,0.0101640336215496,0.0421041585505008
R08C10,46.84187275051143,24.587310032020888,45.671641305089,Watch,49.60896682739258,3597.3984375,0.0006034395773895,0.0528251603245735
R14C03,46.77200555863069,24.533975981079536,43.432835936546326,Watch,49.38608169555664,2924.449462890625,0.0368654318153858,0.0666974484920501
R10C01,46.752770974313314,24.570316176901528,43.283581137657166,Watch,48.14285659790039,3020.029296875,0.0857805237174034,0.0426624752581119
R15C03,46.771878820852784,24.52494866020161,42.08955220878124,Watch,49.53502655029297,1564.8876953125,0.0414746552705764,0.0481473878026008
R10C06,46.80212589501196,24.569733764386484,40.149253606796265,Watch,46.62682723999024,8235.49609375,0.0032999999821186,0.052231416106224
R15C04,46.78174627747018,24.52483241932534,39.7014931216836,Watch,50.69336318969727,1651.417724609375,0.00060054048663,0.0931248739361763
R12C03,46.77225921987768,24.55203058857948,38.059702161699526,Watch,47.06971740722656,5796.4140625,0.0004015660961158,0.0421673879027366
R10C08,46.82186742468949,24.56949627643149,37.61194005608559,Watch,49.36384582519531,2598.53662109375,0.0006023491732776,0.0269963983446359
R16C05,46.79148558690296,24.515688298229808,37.16417796909809,Watch,49.70191192626953,1722.8660888671875,0.0140701467171311,0.1279438883066177
R12C01,46.75251988982367,24.552261423351823,36.41791111789644,Watch,49.06782150268555,908.1343994140624,0.2572115361690521,0.0779421776533126
R12C06,46.80186774962672,24.55167949422308,35.820895209908485,Watch,46.34803009033203,2848.56787109375,0.3392035365104675,0.0502376072108745
R04C04,46.78315157290062,24.62413178864098,32.53731429576873,Watch,48.60179138183594,3237.930419921875,0.0069240452721714,0.0615791492164135
R14C05,46.79174181940107,24.533742757616984,31.34328365325928,Watch,48.401458740234375,2727.05029296875,0.0153830684721469,0.0541150905191898
R13C06,46.80173877138733,24.542652341973188,27.611940801143646,Watch,48.09215545654297,3079.17529296875,0.0039211744442582,0.0545638464391231
R17C04,46.78149157876974,24.50677783994011,27.46268644928932,Watch,49.17524719238281,1265.734619140625,0.0177639499306678,0.1091032475233078
R12C07,46.8117371340776,24.55156117158268,25.820895507931706,Watch,46.73960876464844,1229.966064453125,0.2019000053405761,0.0570412725210189
R15C05,46.79161367187254,24.52471553363725,24.925373345613476,Watch,49.02265548706055,2024.104736328125,0.002414486836642,0.0633481070399284
R14C04,46.78187372013318,24.533859691888136,24.029850661754608,Watch,48.90265274047852,1333.38134765625,0.0098999999463558,0.0623280890285968
R05C07,46.81264669404891,24.614750572586583,21.94029837846756,Watch,48.36540222167969,1644.4803466796875,0.0054195104166865,0.0553886257112026
R13C02,46.76226342965753,24.54311898268941,6.865671584382651,Watch,43.47036361694336,1299.6947021484375,0.0052046841010451,0.3720444440841675
