grid_id,row,col,longitude,latitude,priority_score,priority_class,lst_mean_c,population_estimate,built_fraction_2018,built_fraction_2025,new_built_fraction,aoi_coverage_fraction,ndvi_mean_2025,heat_component,population_component,growth_component,lack_green_component
R05C10,4,9,46.84226931007317,24.614390687710607,78.65672302246094,High,50.7926025390625,3818.000244140625,0.7955924272537231,0.759867787361145,0.07109580934047699,1.0,0.022700399160385132,0.8805969953536987,0.611940324306488,0.7910447716712952,0.9253731369972229
R02C10,1,9,46.84266644996388,24.64147123994535,78.2089614868164,High,51.5894889831543,3457.641357421875,0.8704168796539307,0.7051346302032471,0.057860370725393295,1.0,0.01775391772389412,0.9850746393203735,0.5074626803398132,0.6865671873092651,0.9850746393203735
R03C10,2,9,46.842534005485405,24.63244440070093,74.62686157226562,High,51.07908630371094,3414.15234375,0.607699990272522,0.564616322517395,0.06972550600767136,1.0,0.030389612540602684,0.9104477763175964,0.4776119291782379,0.7611940503120422,0.8656716346740723
R02C09,1,8,46.832790182977064,24.641591998984165,72.68656921386719,High,51.156978607177734,3417.513671875,0.7833049893379211,0.43939998745918274,0.0639575645327568,1.0,0.04537254199385643,0.9402984976768494,0.49253731966018677,0.7164179086685181,0.5970149040222168
R11C01,10,0,46.75264540143835,24.561288805833694,68.05970001220703,High,51.1467399597168,1837.1917724609375,0.5565081834793091,0.6046966910362244,0.101216159760952,0.7680127024650574,0.03409147262573242,0.9253731369972229,0.19402985274791718,0.8507462739944458,0.8208954930305481
R10C07,9,6,46.81199669152387,24.569615343460512,68.05970001220703,High,49.179847717285156,4240.52587890625,0.7698929309844971,0.7378923296928406,0.15355278551578522,1.0,0.01904436945915222,0.41791045665740967,0.7910447716712952,0.89552241563797,0.9701492786407471
R04C03,3,2,46.773276343607975,24.624248561353404,66.2686538696289,High,50.11517333984375,3889.609130859375,0.8794319033622742,0.7030655145645142,0.02812783606350422,1.0,0.02961016446352005,0.6716417670249939,0.6716417670249939,0.5223880410194397,0.8805969953536987
R03C02,2,1,46.76352776318171,24.633391929514318,66.11940002441406,High,50.268211364746094,5017.49072265625,0.9363560676574707,0.7731875777244568,0.0024981785099953413,1.0,0.02853282168507576,0.7313432693481445,0.8507462739944458,0.11940298229455948,0.89552241563797
R04C10,3,9,46.842401625528616,24.62341754995491,64.62686920166016,High,50.40040588378906,3472.77294921875,0.863439679145813,0.6268206834793091,0.02092600055038929,1.0,0.0361504852771759,0.7761194109916687,0.5223880410194397,0.49253731966018677,0.8059701323509216
R05C04,4,3,46.7830235070091,24.61510463046827,64.47760772705078,High,50.41987991333008,3278.5654296875,0.3718664348125458,0.33269941806793213,0.07002943009138107,1.0,0.05214656516909599,0.7910447716712952,0.43283581733703613,0.7761194109916687,0.43283581733703613
R08C06,7,5,46.80238429240467,24.587787988746154,64.02984619140625,High,50.368534088134766,3958.959228515625,0.9020950794219971,0.7862947583198547,0.002728650812059641,1.0,0.02002301998436451,0.7611940503120422,0.7164179086685181,0.13432836532592773,0.9402984976768494
R05C09,4,8,46.83239516875283,24.61451129675229,63.58209228515625,High,49.988548278808594,3951.0107421875,0.9196831583976746,0.6730343699455261,0.019054340198636055,1.0,0.032686855643987656,0.611940324306488,0.7014925479888916,0.4776119291782379,0.8507462739944458
R02C07,1,6,46.81303745675826,24.64183157239804,63.2835807800293,High,50.73643112182617,4033.822509765625,0.07329999655485153,0.06449999660253525,0.005400000140070915,1.0,0.05877305194735527,0.8507462739944458,0.7611940503120422,0.20895522832870483,0.2238806039094925
R02C08,1,7,46.82291385179344,24.641712109807255,62.53731918334961,High,50.80940628051758,3324.273193359375,0.6993588209152222,0.5032529234886169,0.011430863291025162,1.0,0.0431218259036541,0.89552241563797,0.447761207818985,0.34328359365463257,0.641791045665741
R08C05,7,4,46.792512019412484,24.587905861329393,62.53731155395508,Medium,48.51620864868164,5217.84228515625,0.6335210204124451,0.6835761070251465,0.12218973785638809,1.0,0.03856179863214493,0.28358209133148193,0.8656716346740723,0.8805969953536987,0.7611940503120422
R07C09,6,8,46.83213214665076,24.596457437818742,61.79104995727539,Medium,50.19610595703125,3975.291015625,0.45513850450515747,0.442294180393219,0.00815135333687067,1.0,0.043714091181755066,0.7014925479888916,0.7313432693481445,0.28358209133148193,0.611940324306488
R05C03,4,2,46.773148986046664,24.615221354798294,60.29850769042969,Medium,50.15965270996094,3855.798583984375,0.7800020575523376,0.6456000208854675,0.04786099120974541,1.0,0.0690418928861618,0.6865671873092651,0.6268656849861145,0.641791045665741,0.11940298229455948
R04C09,3,8,46.832526775997856,24.623538208988663,60.29850769042969,Medium,50.32780075073242,2356.113037109375,0.4779619872570038,0.4069324731826782,0.10269394516944885,1.0,0.04926956072449684,0.746268630027771,0.26865673065185547,0.8656716346740723,0.5074626803398132
R06C10,5,9,46.842137059098704,24.605363813971298,60.149253845214844,Medium,50.228816986083984,3076.13623046875,0.5332000255584717,0.4269999861717224,0.0608999989926815,1.0,0.04358960688114166,0.7164179086685181,0.3731343150138855,0.7014925479888916,0.6268656849861145
R04C02,3,1,46.76340105222948,24.62436468628867,59.55223846435547,Medium,49.18217468261719,6617.46875,0.8724019527435303,0.7569437026977539,0.016714004799723625,1.0,0.046537134796381,0.43283581733703613,0.9402984976768494,0.41791045665740967,0.5671641826629639
R06C08,5,7,46.82239012807321,24.605604284941847,58.805973052978516,Medium,49.22135543823242,3508.65625,0.7707434296607971,0.7702000141143799,0.06501454859972,1.0,0.019355779513716698,0.46268656849861145,0.5373134613037109,0.7313432693481445,0.9552238583564758
R07C10,6,9,46.842004872584894,24.596336928740293,58.358211517333984,Medium,50.11321258544922,3559.56640625,0.5965319275856018,0.49390000104904175,0.014820042066276073,1.0,0.04090480878949165,0.6567164063453674,0.5671641826629639,0.38805970549583435,0.7313432693481445
R09C07,8,6,46.81212656525645,24.578642412214432,57.761192321777344,Medium,49.585750579833984,3876.811767578125,0.7011828422546387,0.4716244637966156,0.018962576985359192,1.0,0.037348672747612,0.5373134613037109,0.641791045665741,0.46268656849861145,0.7761194109916687
R06C09,5,8,46.832263625643876,24.605484373027885,57.611942291259766,Medium,50.76357650756836,3400.52880859375,0.9154478311538696,0.5860000252723694,0.0036064917221665382,1.0,0.045466769486665726,0.8656716346740723,0.46268656849861145,0.16417910158634186,0.5820895433425903
R03C08,2,7,46.82278282513642,24.632685170819126,57.611942291259766,Medium,52.197998046875,1481.198486328125,0.1300170123577118,0.11129999905824661,0.05314783379435539,1.0,0.06888838112354279,1.0,0.10447761416435242,0.6567164063453674,0.13432836532592773
R16C03,15,2,46.771752144946,24.515921327909407,57.31343460083008,Medium,51.51160430908203,964.009765625,0.18299999833106995,0.43028727173805237,0.09488539397716522,1.0,0.07808927446603775,0.9701492786407471,0.02985074557363987,0.8358209133148193,0.08955223858356476
R09C08,8,7,46.821998004949215,24.57852329576428,56.567169189453125,Medium,49.213199615478516,4221.9248046875,0.6902424097061157,0.4317886233329773,0.021357664838433266,1.0,0.04912415146827698,0.447761207818985,0.7761194109916687,0.5074626803398132,0.5223880410194397
R09C05,8,4,46.792383496116756,24.578878705984927,55.970157623291016,Medium,47.15639877319336,6649.57275390625,0.6484000086784363,0.8044000267982483,0.21240000426769257,1.0,0.0539332814514637,0.11940298229455948,0.9552238583564758,0.9402984976768494,0.3731343150138855
R10C09,9,8,46.83173809416444,24.569376563315828,55.52238845825195,Medium,50.043941497802734,3995.025634765625,0.5916875600814819,0.41041624546051025,0.00664585642516613,1.0,0.05503331497311592,0.6268656849861145,0.746268630027771,0.2537313401699066,0.2985074520111084
R09C06,8,5,46.80225506219746,24.578760882293423,55.373130798339844,Medium,47.55210494995117,4516.93798828125,0.4629000127315521,0.6782242655754089,0.2792865037918091,1.0,0.04768355190753937,0.1492537260055542,0.8059701323509216,0.9850746393203735,0.5522388219833374
R03C09,2,8,46.83265844739919,24.63256510973372,54.3283576965332,Medium,50.649410247802734,1634.2532958984375,0.027148868888616562,0.10699629783630371,0.04632507637143135,1.0,0.049342039972543716,0.8208954930305481,0.13432836532592773,0.6268656849861145,0.49253731966018677
R06C06,5,5,46.802642941963654,24.605842167275803,54.179107666015625,Medium,50.62470626831055,2213.27392578125,0.1701103299856186,0.17229999601840973,0.012637914158403873,1.0,0.041424427181482315,0.8059701323509216,0.2537313401699066,0.35820895433425903,0.7164179086685181
R08C07,7,6,46.812256502355275,24.587669469507276,53.28358459472656,Medium,49.625553131103516,3514.725341796875,0.5333600044250488,0.37599998712539673,0.03330999240279198,1.0,0.05618946999311447,0.5820895433425903,0.5522388219833374,0.5373134613037109,0.26865673065185547
R02C05,1,4,46.793284476514366,24.642068552816802,52.68657302856445,Medium,49.37806701660156,4786.18603515625,0.774519145488739,0.6528502702713013,0.006418637931346893,1.0,0.054915837943553925,0.49253731966018677,0.8358209133148193,0.23880596458911896,0.31343284249305725
R13C04,12,3,46.78200122503077,24.542886953026667,52.23881149291992,Watch,48.51849365234375,3083.033447265625,0.5459914207458496,0.6143057346343994,0.15973126888275146,1.0,0.015241014771163464,0.2985074520111084,0.4029850661754608,0.9104477763175964,1.0
R13C03,12,2,46.77213235829917,24.54300329053992,51.343284606933594,Watch,49.019596099853516,3943.7783203125,0.71526038646698,0.6373736262321472,0.016770435497164726,1.0,0.03341149911284447,0.34328359365463257,0.6865671873092651,0.43283581733703613,0.8358209133148193
R08C09,7,8,46.832000731753276,24.587430491128156,50.59701919555664,Watch,50.08378601074219,1921.67626953125,0.2387000024318695,0.2768000066280365,0.039900001138448715,1.0,0.041701748967170715,0.641791045665741,0.20895522832870483,0.5820895433425903,0.7014925479888916
R13C05,12,4,46.791870029508196,24.54276997016571,50.29850769042969,Watch,47.5959587097168,3884.807861328125,0.5102999806404114,0.4325999915599823,0.07620000094175339,1.0,0.037009041756391525,0.16417910158634186,0.6567164063453674,0.8059701323509216,0.7910447716712952
R10C02,9,1,46.76264208239009,24.570200986734218,48.95522689819336,Watch,46.348846435546875,7383.54736328125,0.7901111245155334,0.8763999938964844,0.05585026368498802,1.0,0.051096174865961075,0.04477611929178238,0.9701492786407471,0.6716417670249939,0.46268656849861145
R11C06,10,5,46.801996790828326,24.56070663502861,48.35820770263672,Watch,46.406185150146484,6574.80712890625,0.7190999984741211,0.7731000185012817,0.06809999793767929,1.0,0.054606933146715164,0.05970149114727974,0.9253731369972229,0.746268630027771,0.3283582031726837
R11C10,10,9,46.84147677073007,24.56022927296523,47.91044616699219,Watch,49.586692810058594,2739.214111328125,0.36512860655784607,0.37882283329963684,0.040646325796842575,1.0,0.051399875432252884,0.5522388219833374,0.31343284249305725,0.5970149040222168,0.447761207818985
R11C07,10,6,46.81186688113756,24.560588263248835,47.76119613647461,Watch,47.706844329833984,3561.671142578125,0.22859999537467957,0.42480000853538513,0.23970000445842743,1.0,0.052271824330091476,0.17910447716712952,0.5820895433425903,0.9552238583564758,0.4029850661754608
R11C02,10,1,46.76251580321437,24.561173663472218,47.611942291259766,Watch,47.203983306884766,7633.8798828125,0.8833000063896179,0.7581999897956848,0.035100001841783524,1.0,0.06406904757022858,0.13432836532592773,0.9850746393203735,0.5522388219833374,0.16417910158634186
R12C05,11,4,46.79199830221362,24.55179717128016,47.611942291259766,Watch,48.025875091552734,5435.3759765625,0.7236195802688599,0.6518999934196472,0.009018939919769764,1.0,0.039716657251119614,0.19402985274791718,0.8805969953536987,0.2985074520111084,0.746268630027771
R16C04,15,3,46.78161889702222,24.51580513534157,47.16417694091797,Watch,51.24531173706055,2146.1533203125,0.1656000018119812,0.15223701298236847,0.0012010809732601047,1.0,0.16067533195018768,0.9552238583564758,0.23880596458911896,0.0746268630027771,0.02985074557363987
R09C09,8,8,46.83186938093123,24.578403532959417,46.56716537475586,Watch,49.06589889526367,6036.02783203125,0.8006411790847778,0.5874574184417725,0.001203248742967844,1.0,0.05634591728448868,0.3731343150138855,0.9104477763175964,0.08955223858356476,0.2537313401699066
R12C02,11,1,46.76238958564331,24.552146328789526,46.417911529541016,Watch,48.02594757080078,4526.72412109375,0.7005132436752319,0.7195000052452087,0.010164033621549606,1.0,0.04210415855050087,0.20895522832870483,0.8208954930305481,0.3283582031726837,0.6865671873092651
R08C10,7,9,46.84187275051143,24.587310032020888,45.6716423034668,Watch,49.60896682739258,3597.3984375,0.1708739846944809,0.174256831407547,0.0006034395773895085,1.0,0.05282516032457352,0.5671641826629639,0.5970149040222168,0.05970149114727974,0.38805970549583435
R14C03,13,2,46.77200555863069,24.533975981079536,43.432838439941406,Watch,49.38608169555664,2924.449462890625,0.4940679669380188,0.3600480854511261,0.03686543181538582,1.0,0.06669744849205017,0.5074626803398132,0.34328359365463257,0.5671641826629639,0.1492537260055542
R10C01,9,0,46.752770974313314,24.570316176901528,43.28358459472656,Watch,48.14285659790039,3020.029296875,0.568006157875061,0.6419230699539185,0.08578052371740341,0.7807146906852722,0.042662475258111954,0.23880596458911896,0.35820895433425903,0.8208954930305481,0.6567164063453674
R15C03,14,2,46.771878820852784,24.524948660201606,42.08955383300781,Watch,49.53502655029297,1564.8876953125,0.18152675032615662,0.23340000212192535,0.04147465527057648,1.0,0.04814738780260086,0.5223880410194397,0.11940298229455948,0.611940324306488,0.5373134613037109
R10C06,9,5,46.802125895011955,24.569733764386484,40.14925765991211,Watch,46.626827239990234,8235.49609375,0.9496999979019165,0.9211999773979187,0.0032999999821186066,1.0,0.05223141610622406,0.0746268630027771,1.0,0.1492537260055542,0.41791045665740967
R15C04,14,3,46.78174627747018,24.52483241932534,39.70149612426758,Watch,50.693363189697266,1651.417724609375,0.0039035130757838488,0.009600000455975533,0.0006005404866300523,1.0,0.0931248739361763,0.8358209133148193,0.16417910158634186,0.02985074557363987,0.0746268630027771
R12C03,11,2,46.77225921987768,24.55203058857948,38.0597038269043,Watch,47.06971740722656,5796.4140625,0.8537612557411194,0.7798018455505371,0.00040156609611585736,1.0,0.042167387902736664,0.10447761416435242,0.89552241563797,0.014925372786819935,0.6716417670249939
R10C08,9,7,46.82186742468949,24.56949627643149,37.611942291259766,Watch,49.36384582519531,2598.53662109375,0.5420626401901245,0.46306705474853516,0.0006023491732776165,1.0,0.026996398344635963,0.4776119291782379,0.28358209133148193,0.04477611929178238,0.9104477763175964
R16C05,15,4,46.79148558690296,24.515688298229808,37.16417694091797,Watch,49.70191192626953,1722.8660888671875,0.32453906536102295,0.38374537229537964,0.014070146717131138,1.0,0.12794388830661774,0.5970149040222168,0.17910447716712952,0.3731343150138855,0.04477611929178238
R12C01,11,0,46.75251988982367,24.552261423351823,36.417911529541016,Watch,49.06782150268555,908.1343994140625,0.004800000227987766,0.47756409645080566,0.2572115361690521,0.7553150653839111,0.07794217765331268,0.38805970549583435,0.014925372786819935,0.9701492786407471,0.10447761416435242
R12C06,11,5,46.80186774962672,24.551679494223077,35.82089614868164,Watch,46.34803009033203,2848.56787109375,0.08705223351716995,0.4106999933719635,0.33920353651046753,1.0,0.05023760721087456,0.02985074557363987,0.3283582031726837,1.0,0.4776119291782379
R04C04,3,3,46.78315157290062,24.62413178864098,32.537315368652344,Watch,48.60179138183594,3237.930419921875,0.6418974995613098,0.48340120911598206,0.006924045272171497,1.0,0.0615791492164135,0.31343284249305725,0.41791045665740967,0.26865673065185547,0.20895522832870483
R14C05,13,4,46.79174181940107,24.533742757616984,31.343284606933594,Watch,48.401458740234375,2727.05029296875,0.5365976095199585,0.21690000593662262,0.015383068472146988,1.0,0.054115090519189835,0.26865673065185547,0.2985074520111084,0.4029850661754608,0.35820895433425903
R13C06,12,5,46.80173877138733,24.542652341973188,27.6119441986084,Watch,48.09215545654297,3079.17529296875,0.567152202129364,0.28795915842056274,0.003921174444258213,1.0,0.054563846439123154,0.2238806039094925,0.38805970549583435,0.17910447716712952,0.34328359365463257
R17C04,16,3,46.78149157876974,24.50677783994011,27.462688446044922,Watch,49.17524719238281,1265.734619140625,0.06714171171188354,0.1379999965429306,0.017763949930667877,1.0,0.1091032475233078,0.4029850661754608,0.05970149114727974,0.447761207818985,0.05970149114727974
R12C07,11,6,46.8117371340776,24.551561171582676,25.82089614868164,Watch,46.73960876464844,1229.966064453125,0.0,0.23849999904632568,0.20190000534057617,1.0,0.05704127252101898,0.08955223858356476,0.04477611929178238,0.9253731369972229,0.23880596458911896
R15C05,14,4,46.79161367187254,24.52471553363725,24.92537498474121,Watch,49.02265548706055,2024.104736328125,0.002414486836642027,0.0414000004529953,0.002414486836642027,1.0,0.06334810703992844,0.35820895433425903,0.2238806039094925,0.10447761416435242,0.17910447716712952
R14C04,13,3,46.78187372013318,24.533859691888136,24.029850006103516,Watch,48.902652740478516,1333.38134765625,0.025800000876188278,0.04410000145435333,0.00989999994635582,1.0,0.06232808902859688,0.3283582031726837,0.08955223858356476,0.31343284249305725,0.19402985274791718
R05C07,4,6,46.81264669404891,24.614750572586583,21.94029998779297,Watch,48.36540222167969,1644.4803466796875,0.32277148962020874,0.1927734911441803,0.005419510416686535,1.0,0.05538862571120262,0.2537313401699066,0.1492537260055542,0.2238806039094925,0.28358209133148193
R13C02,12,1,46.76226342965753,24.54311898268941,6.8656721115112305,Watch,43.47036361694336,1299.6947021484375,0.05114603042602539,0.03880000114440918,0.005204684101045132,1.0,0.3720444440841675,0.014925372786819935,0.0746268630027771,0.19402985274791718,0.014925372786819935
